,City,Lat,Lng,Max Temp,Humidity,Cloudiness,Wind Speed,Country,Date
0,campo maior,-4.8278,-42.1686,74.61,92,100,3.27,BR,1611977778
1,santa clarita,34.3917,-118.5426,48.2,76,75,1.32,US,1611977638
2,puerto ayora,-0.7393,-90.3518,77.0,95,38,8.99,EC,1611977778
3,bintulu,3.1667,113.0333,82.4,89,40,5.75,MY,1611977778
4,buckeye,33.3703,-112.5838,50.0,92,25,5.77,US,1611977739
5,vilyuysk,63.7553,121.6247,-41.22,78,100,2.62,RU,1611977779
6,vaini,-21.2,-175.2,80.6,89,90,14.97,TO,1611977779
7,faanui,-16.4833,-151.75,81.23,67,100,4.76,PF,1611977779
8,sur,22.5667,59.5289,67.75,41,0,6.49,OM,1611977598
9,kihei,20.785,-156.4656,75.2,69,40,19.57,US,1611977779
10,hobart,-42.8794,147.3294,72.0,64,75,10.36,AU,1611977566
11,port hedland,-20.3167,118.5667,98.6,36,75,11.5,AU,1611977780
12,castro,-24.7911,-50.0119,62.58,95,100,3.09,BR,1611977780
13,touros,-5.1989,-35.4608,77.0,88,40,4.61,BR,1611977780
14,new norfolk,-42.7826,147.0587,72.0,64,75,10.36,AU,1611977780
15,piopio,-38.4667,175.0167,78.01,32,1,2.91,NZ,1611977780
16,anadyr,64.75,177.4833,-20.0,76,0,6.71,RU,1611977781
17,albany,42.6001,-73.9662,9.0,50,6,4.0,US,1611977749
18,zhezkazgan,47.8043,67.7144,15.06,94,100,12.41,KZ,1611977781
19,yellowknife,62.456,-114.3525,-20.0,76,1,5.75,CA,1611977511
20,hermanus,-34.4187,19.2345,62.01,90,63,1.01,ZA,1611977577
21,ushuaia,-54.8,-68.3,42.8,75,40,17.27,AR,1611977781
22,avera,33.194,-82.5271,33.8,86,1,4.85,US,1611977781
23,ponta do sol,32.6667,-17.1,57.99,76,16,4.0,PT,1611977782
24,grand gaube,-20.0064,57.6608,82.99,74,2,5.01,MU,1611977782
25,sao gabriel,-30.3364,-54.32,73.62,84,68,3.13,BR,1611977782
26,san quintin,30.4833,-115.95,55.8,77,1,7.2,MX,1611977782
27,bilibino,68.0546,166.4372,-24.18,80,0,4.54,RU,1611977782
28,longyearbyen,78.2186,15.6401,-0.4,50,20,24.16,SJ,1611977782
29,avarua,-21.2078,-159.775,82.4,74,75,8.05,CK,1611977783
30,eydhafushi,5.1033,73.0708,80.8,70,0,11.39,MV,1611977783
31,mar del plata,-38.0023,-57.5575,70.0,94,82,4.61,AR,1611977783
32,rikitea,-23.1203,-134.9692,80.01,74,37,11.72,PF,1611977783
33,cape town,-33.9258,18.4232,70.0,94,75,3.44,ZA,1611977570
34,atuona,-9.8,-139.0333,78.55,80,12,17.81,PF,1611977784
35,atar,20.5169,-13.0499,64.65,27,47,11.56,MR,1611977620
36,torbay,47.6666,-52.7314,28.0,93,90,20.71,CA,1611977591
37,busselton,-33.65,115.3333,82.0,45,0,5.99,AU,1611977652
38,kupang,-10.1667,123.5833,75.2,100,90,5.75,ID,1611977784
39,mae tha,18.4646,99.1403,80.01,69,40,1.14,TH,1611977784
40,talnakh,69.4865,88.3972,-31.61,65,2,3.2,RU,1611977784
41,esperance,-33.8667,121.9,75.2,43,0,13.8,AU,1611977785
42,kununurra,-15.7667,128.7333,78.8,100,75,8.05,AU,1611977785
43,bembereke,10.2283,2.6634,65.5,26,17,3.91,BJ,1611977785
44,lokosovo,61.1333,74.8167,-35.91,82,22,3.98,RU,1611977786
45,nacala,-14.5428,40.6728,78.1,89,90,5.3,MZ,1611977786
46,tuatapere,-46.1333,167.6833,64.65,50,0,6.91,NZ,1611977786
47,xichang,27.8964,102.2634,53.92,47,39,2.08,CN,1611977786
48,port alfred,-33.5906,26.891,66.0,81,15,6.71,ZA,1611977578
49,yagoua,10.3411,15.2329,64.94,24,0,8.61,CM,1611977787
50,mastic beach,40.7668,-72.8521,19.4,45,1,18.41,US,1611977787
51,high rock,26.6208,-78.2833,59.0,67,0,5.75,BS,1611977787
52,sydney,-33.8679,151.2073,79.0,77,71,5.01,AU,1611977694
53,saint george,37.1041,-113.5841,37.99,93,90,8.05,US,1611977599
54,jurbise,50.5332,3.9108,46.4,93,90,9.22,BE,1611977787
55,ilulissat,69.2167,-51.1,-0.4,55,0,8.05,GL,1611977788
56,tymovskoye,50.8456,142.655,4.55,91,100,9.89,RU,1611977788
57,ribeira grande,38.5167,-28.7,61.65,85,98,24.45,PT,1611977788
58,aswan,24.0934,32.907,47.95,57,0,7.56,EG,1611977788
59,jamestown,42.097,-79.2353,19.0,73,90,13.8,US,1611977788
60,los llanos de aridane,28.6585,-17.9182,62.6,88,75,5.75,ES,1611977598
61,cockburn town,21.4612,-71.1419,72.43,72,3,19.69,TC,1611977789
62,san patricio,28.017,-97.5169,66.2,77,90,12.66,US,1611977789
63,roma,43.2128,-75.4557,8.6,66,90,4.61,US,1611977513
64,barrow,71.2906,-156.7887,-11.2,77,90,9.22,US,1611977789
65,thompson,55.7435,-97.8558,10.4,85,90,4.61,CA,1611977735
66,bonthe,7.5264,-12.505,76.86,89,2,4.65,SL,1611977789
67,payo,-3.7508,103.6372,78.94,84,98,5.06,ID,1611977790
68,nichinan,31.6,131.3667,51.8,24,0,12.66,JP,1611977790
69,kapaa,22.0752,-159.319,75.2,78,40,16.11,US,1611977790
70,terney,45.0503,136.6092,7.88,84,39,11.77,RU,1611977790
71,maceio,-9.6658,-35.7353,75.2,94,75,2.3,BR,1611977621
72,sobolevo,54.4299,31.8996,21.34,97,100,13.8,RU,1611977791
73,oistins,13.0667,-59.5333,77.0,78,20,11.5,BB,1611977791
74,butaritari,3.0707,172.7902,80.56,77,99,14.88,KI,1611977791
75,mahebourg,-20.4081,57.7,78.8,89,40,8.05,MU,1611977791
76,mount gambier,-37.8333,140.7667,66.2,63,90,12.66,AU,1611977791
77,sinjar,36.3209,41.8754,37.89,84,4,8.14,IQ,1611977792
78,lerwick,60.1545,-1.1494,32.0,80,75,8.05,GB,1611977792
79,ahipara,-35.1667,173.1667,66.79,67,64,5.61,NZ,1611977792
80,saint-philippe,-21.3585,55.7679,81.0,57,0,5.75,RE,1611977793
81,akyab,20.15,92.9,73.72,35,35,4.61,MM,1611977793
82,ambon,-3.6954,128.1814,91.4,58,40,6.91,ID,1611977793
83,bhatapara,21.7333,81.9333,67.75,25,0,6.58,IN,1611977794
84,eenhana,-17.4667,16.3333,75.2,83,96,2.3,NA,1611977794
85,arraial do cabo,-22.9661,-42.0278,76.84,84,77,24.63,BR,1611977794
86,nikel,69.4128,30.222,15.8,86,90,5.75,RU,1611977794
87,nuuk,64.1835,-51.7216,23.0,93,0,10.36,GL,1611977794
88,mataura,-46.1927,168.8643,68.77,39,0,1.52,NZ,1611977794
89,antofagasta,-23.65,-70.4,66.2,77,0,10.36,CL,1611977585
90,balykshi,47.0667,51.8667,21.2,100,83,6.71,KZ,1611977795
91,erbaa,40.6689,36.5675,33.8,60,0,9.22,TR,1611977795
92,sangar,63.9242,127.4739,-43.22,76,100,3.02,RU,1611977795
93,kodiak,57.79,-152.4072,35.6,55,1,16.11,US,1611977590
94,punta arenas,-53.15,-70.9167,46.4,81,40,20.71,CL,1611977527
95,nhulunbuy,-12.2333,136.7667,89.6,62,90,13.8,AU,1611977795
96,kastornoye,51.8334,38.1302,19.54,97,86,8.77,RU,1611977796
97,severo-kurilsk,50.6789,156.125,25.02,91,100,17.98,RU,1611977796
98,raudeberg,61.9875,5.1352,33.01,91,76,22.91,NO,1611977796
99,araouane,18.9048,-3.5265,63.43,25,0,10.8,ML,1611977656
100,hilo,19.7297,-155.09,75.2,73,90,6.91,US,1611977797
101,bluff,-46.6,168.3333,54.23,75,0,15.23,NZ,1611977797
102,miri,4.4148,114.0089,87.8,74,40,9.22,MY,1611977626
103,deep river,46.1001,-77.4995,3.2,72,1,6.91,CA,1611977648
104,grindavik,63.8424,-22.4338,33.8,86,75,4.61,IS,1611977798
105,edd,13.9297,41.6925,74.3,38,0,8.21,ER,1611977798
106,manaure,11.7751,-72.4445,76.3,74,17,10.98,CO,1611977798
107,coos bay,43.3665,-124.2179,42.01,98,100,1.01,US,1611977775
108,dikson,73.5069,80.5464,-33.92,84,96,7.52,RU,1611977798
109,clyde river,70.4692,-68.5914,-16.6,83,1,5.75,CA,1611977798
110,bredasdorp,-34.5322,20.0403,62.01,90,93,1.01,ZA,1611977798
111,georgetown,5.4112,100.3354,86.0,61,20,8.05,MY,1611977749
112,flinders,-34.5833,150.8552,84.0,73,66,4.0,AU,1611977799
113,paamiut,61.994,-49.6678,34.32,80,100,9.6,GL,1611977602
114,port blair,11.6667,92.75,83.61,68,26,10.18,IN,1611977799
115,klaksvik,62.2266,-6.589,33.8,64,75,4.61,FO,1611977799
116,ostrovnoy,68.0531,39.5131,9.09,94,100,16.67,RU,1611977799
117,acari,-15.4311,-74.6158,71.04,67,34,2.46,PE,1611977800
118,mehamn,71.0357,27.8492,25.0,96,100,17.47,NO,1611977612
119,kattivakkam,13.2167,80.3167,78.8,78,20,2.3,IN,1611977800
120,chokurdakh,70.6333,147.9167,-27.9,85,100,8.79,RU,1611977800
121,bambous virieux,-20.3428,57.7575,82.99,89,40,8.05,MU,1611977611
122,sampit,-2.5333,112.95,77.2,87,100,5.17,ID,1611977800
123,saskylakh,71.9167,114.0833,-37.7,76,0,3.27,RU,1611977801
124,lahij,13.1667,44.5833,65.5,84,26,3.85,YE,1611977801
125,victoria,22.2855,114.1577,63.0,64,0,1.01,HK,1611977801
126,palmerston,-12.486,130.9833,79.0,94,75,14.97,AU,1611977801
127,orshanka,56.9161,47.8933,19.08,97,78,8.93,RU,1611977801
128,kenora,49.8167,-94.4337,15.8,79,75,10.36,CA,1611977801
129,eureka,40.8021,-124.1637,48.0,71,98,3.0,US,1611977719
130,chuy,-33.6971,-53.4616,67.24,92,2,1.21,UY,1611977802
131,hithadhoo,-0.6,73.0833,81.99,76,35,12.93,MV,1611977802
132,vila,42.0304,-8.1588,46.99,95,89,13.98,PT,1611977802
133,anderson,34.5334,-82.6499,35.6,60,1,1.5,US,1611977802
134,nikolskoye,59.7035,30.7861,30.99,93,90,8.95,RU,1611977802
135,halifax,44.6453,-63.5724,27.0,86,100,11.5,CA,1611977637
136,pergine valsugana,46.065,11.238,28.99,90,0,1.01,IT,1611977803
137,lebu,-37.6167,-73.65,56.89,90,96,6.08,CL,1611977803
138,kyra,49.5776,111.9753,-3.86,81,44,2.84,RU,1611977803
139,mahon,39.8885,4.2658,53.6,94,12,3.44,ES,1611977803
140,bathsheba,13.2167,-59.5167,77.0,78,20,11.5,BB,1611977803
141,port elizabeth,-33.918,25.5701,57.2,88,0,4.61,ZA,1611977803
142,mayo,38.8876,-76.5119,30.99,51,90,11.5,US,1611977804
143,tuktoyaktuk,69.4541,-133.0374,-36.4,67,1,2.3,CA,1611977804
144,pedro carbo,-1.8333,-80.2333,80.6,78,75,6.91,EC,1611977804
145,kharp,66.8014,65.8081,-37.82,79,96,1.99,RU,1611977804
146,tulle,45.3333,1.8333,46.99,96,100,8.99,FR,1611977804
147,provideniya,64.3833,-173.3,-7.67,81,11,3.33,RU,1611977805
148,tongliao,43.6125,122.2653,-0.11,87,0,6.87,CN,1611977805
149,cabedelo,-6.9811,-34.8339,80.6,78,75,9.22,BR,1611977805
150,ivanava,52.1451,25.5365,16.68,97,95,5.61,BY,1611977806
151,nioro,13.35,-15.75,68.27,20,0,4.9,GM,1611977806
152,poyarkovo,49.6,128.6833,-18.62,84,34,5.19,RU,1611977806
153,malanje,-9.5402,16.341,61.52,97,95,2.98,AO,1611977807
154,yulara,-25.2406,130.9889,89.6,33,40,18.41,AU,1611977807
155,ust-ilimsk,58.0006,102.6619,-27.76,80,90,6.71,RU,1611977807
156,geraldton,-28.7667,114.6,100.4,17,0,14.97,AU,1611977807
157,kommunisticheskiy,61.6789,64.4819,-17.28,86,100,9.48,RU,1611977807
158,tautira,-17.7333,-149.15,82.4,65,75,5.75,PF,1611977807
159,san cristobal,7.7669,-72.225,63.48,76,35,1.54,VE,1611977808
160,shitanjing,39.2342,106.3439,29.57,72,1,20.2,CN,1611977808
161,coquimbo,-29.9533,-71.3436,62.6,82,20,5.75,CL,1611977808
162,vestmannaeyjar,63.4427,-20.2734,35.22,82,100,7.9,IS,1611977808
163,rio grande,-32.035,-52.0986,75.0,94,29,5.39,BR,1611977603
164,cantaura,9.3057,-64.3584,73.65,68,64,8.81,VE,1611977701
165,tekeli,44.83,78.8239,29.75,76,0,9.95,KZ,1611977808
166,oktyabrskiy,54.4815,53.471,23.52,98,91,5.64,RU,1611977809
167,pisco,-13.7,-76.2167,71.6,73,0,6.91,PE,1611977629
168,huarmey,-10.0681,-78.1522,70.86,78,86,6.8,PE,1611977809
169,sitka,57.0531,-135.33,39.2,48,90,16.11,US,1611977589
170,kaeo,-35.1,173.7833,70.0,59,60,11.01,NZ,1611977809
171,abha,18.2164,42.5053,51.8,34,0,1.3,SA,1611977809
172,elizabeth city,36.2946,-76.2511,26.01,63,1,4.61,US,1611977810
173,mussomeli,37.5778,13.7513,60.01,63,65,5.01,IT,1611977810
174,tiksi,71.6872,128.8694,-29.65,85,100,5.23,RU,1611977810
175,mildura,-34.2,142.15,77.0,47,0,8.05,AU,1611977810
176,katsuura,35.1333,140.3,46.4,31,20,13.8,JP,1611977810
177,sao filipe,14.8961,-24.4956,74.86,54,98,9.62,CV,1611977810
178,jalu,29.0331,21.5482,53.35,71,0,10.27,LY,1611977810
179,maler kotla,30.5167,75.8833,54.07,41,0,6.44,IN,1611977532
180,shar,49.5886,81.0453,8.31,92,22,9.01,KZ,1611977811
181,shubarshi,48.5872,57.1869,17.89,96,84,7.38,KZ,1611977811
182,airai,-8.9266,125.4092,65.66,98,100,4.56,TL,1611977811
183,merritt island,28.5392,-80.672,52.0,87,1,3.44,US,1611977811
184,lookan,5.037,120.1027,81.72,78,72,9.46,PH,1611977812
185,hofn,64.2539,-15.2082,31.5,81,76,4.76,IS,1611977623
186,zyryanka,65.75,150.85,-25.26,84,100,12.24,RU,1611977812
187,atherton,53.5237,-2.4935,39.99,75,100,7.0,GB,1611977812
188,lavrentiya,65.5833,-171.0,-18.71,81,0,9.53,RU,1611977813
189,auce,56.4598,22.9017,26.6,93,90,11.5,LV,1611977756
190,aksarka,66.5606,67.7975,-41.04,79,55,3.42,RU,1611977813
191,tadine,-21.55,167.8833,79.45,68,16,15.99,NC,1611977813
192,brigantine,39.4101,-74.3646,23.0,45,1,13.8,US,1611977813
193,obo,5.3998,26.4869,71.04,20,82,6.89,CF,1611977650
194,berezovyy,51.6667,135.7,0.18,86,100,1.39,RU,1611977814
195,cabra,37.4725,-4.4421,55.4,94,90,5.75,ES,1611977814
196,leningradskiy,69.3833,178.4167,-22.16,85,100,7.87,RU,1611977815
197,souillac,-20.5167,57.5167,78.8,89,40,8.05,MU,1611977815
198,olinda,-8.0089,-34.8553,78.8,69,40,8.05,BR,1611977815
199,tasiilaq,65.6145,-37.6368,15.8,53,90,21.85,GL,1611977815
200,abalak,58.1286,68.5944,-0.69,93,100,10.36,RU,1611977815
201,port moresby,-9.4431,147.1797,84.2,74,75,13.8,PG,1611977816
202,dudinka,69.4058,86.1778,-37.64,77,0,3.02,RU,1611977816
203,kafr rakib,32.45,35.6833,42.8,93,40,11.5,JO,1611977816
204,byron bay,-28.65,153.6167,86.0,65,40,13.8,AU,1611977816
205,kaohsiung,22.6163,120.3133,69.8,52,40,6.91,TW,1611977816
206,emerald,-23.5333,148.1667,93.2,31,40,13.8,AU,1611977816
207,lagoa,39.05,-27.9833,60.04,83,98,20.69,PT,1611977817
208,cap malheureux,-19.9842,57.6142,82.99,74,0,5.01,MU,1611977817
209,nome,64.5011,-165.4064,-2.2,60,1,21.85,US,1611977590
210,jabinyanah,35.035,10.9081,59.0,58,0,5.75,TN,1611977817
211,tierralta,8.1736,-76.0592,74.16,87,94,4.21,CO,1611977817
212,korla,41.7597,86.1469,27.86,76,0,5.03,CN,1611977613
213,pokhara,28.2333,83.9833,61.36,28,0,4.16,NP,1611977817
214,nachingwea,-10.3833,38.7667,71.2,98,98,3.85,TZ,1611977818
215,karratha,-20.7377,116.8463,92.66,46,11,10.85,AU,1611977818
216,maniitsoq,65.4167,-52.9,19.13,75,0,5.84,GL,1611977818
217,namatanai,-3.6667,152.4333,84.09,77,40,14.0,PG,1611977818
218,kaitangata,-46.2817,169.8464,57.99,69,28,8.01,NZ,1611977818
219,konskie,51.1917,20.4061,28.0,1,100,2.71,PL,1611977818
220,port lincoln,-34.7333,135.8667,67.48,57,22,15.41,AU,1611977819
221,sioux lookout,50.1001,-91.917,8.6,72,75,3.44,CA,1611977819
222,comodoro rivadavia,-45.8667,-67.5,51.8,71,0,2.24,AR,1611977819
223,nuevo progreso,23.1667,-97.95,69.01,62,84,1.01,MX,1611977819
224,zaysan,47.4667,84.8667,3.99,91,85,1.1,KZ,1611977819
225,bethel,41.3712,-73.414,14.0,52,1,5.75,US,1611977580
226,somotillo,13.0433,-86.9064,72.64,56,22,4.38,NI,1611977820
227,kruisfontein,-34.0033,24.7314,55.0,90,0,1.99,ZA,1611977593
228,aklavik,68.2191,-135.0107,-27.4,68,83,0.65,CA,1611977820
229,boffa,10.1667,-14.0333,68.34,91,1,2.59,GN,1611977820
230,zvenigovo,55.9742,48.0181,23.0,93,75,8.95,RU,1611977820
231,puerto asis,0.5133,-76.5007,72.16,91,95,1.43,CO,1611977821
232,lorengau,-2.0226,147.2712,83.34,81,100,9.44,PG,1611977821
233,muscat,23.6139,58.5922,60.8,59,0,2.3,OM,1611977811
234,upernavik,72.7868,-56.1549,-8.82,83,0,10.2,GL,1611977821
235,acapulco,16.8634,-99.8901,80.6,83,90,5.75,MX,1611977539
236,aberdeen,57.1437,-2.0981,28.99,100,75,1.14,GB,1611977822
237,olafsvik,64.8945,-23.7142,28.76,97,100,18.84,IS,1611977822
238,abnub,27.2696,31.1511,42.8,65,0,1.77,EG,1611977823
239,kavaratti,10.5669,72.642,80.35,73,19,11.25,IN,1611977590
240,benghazi,32.1167,20.0667,62.98,79,10,15.14,LY,1611977599
241,manadhoo,5.7667,73.3833,80.82,70,0,10.76,MV,1611977823
242,guerrero negro,27.9769,-114.0611,59.81,73,3,15.35,MX,1611977823
243,koygorodok,60.445,50.9968,24.3,98,100,7.16,RU,1611977823
244,zhanakorgan,43.9098,67.2495,29.66,79,58,6.76,KZ,1611977824
245,shimoda,34.6667,138.95,46.4,46,40,5.75,JP,1611977824
246,varkkallai,8.7341,76.7067,84.2,70,20,5.3,IN,1611977644
247,clarence town,-32.5833,151.7833,87.01,69,100,8.05,AU,1611977582
248,tecoanapa,16.5167,-98.75,76.84,77,96,2.86,MX,1611977824
249,usinsk,65.9939,57.5281,-7.69,88,100,10.33,RU,1611977644
250,ponte nova,-20.4164,-42.9086,67.6,89,94,2.33,BR,1611977825
251,lahan,26.7296,86.4951,61.43,43,0,7.0,NP,1611977825
252,rawson,-43.3002,-65.1023,57.22,51,0,9.53,AR,1611977825
253,kovur,14.4833,79.9833,78.04,68,93,4.0,IN,1611977781
254,vanimo,-2.6741,141.3028,83.73,79,100,12.17,PG,1611977825
255,east london,-33.0153,27.9116,69.75,72,38,3.42,ZA,1611977578
256,tsaratanana,-16.7833,47.65,74.57,80,36,2.48,MG,1611977825
257,andra,62.5147,65.8878,-21.6,85,100,11.5,RU,1611977825
258,srednekolymsk,67.45,153.6833,-33.12,84,99,1.9,RU,1611977826
259,egvekinot,66.3167,-179.1667,-22.63,84,0,6.67,RU,1611977826
260,masaka,-0.3338,31.7341,62.19,81,74,2.57,UG,1611977826
261,salalah,17.0151,54.0924,69.8,64,75,4.61,OM,1611977826
262,antalaha,-14.9003,50.2788,76.71,87,12,3.24,MG,1611977826
263,drummondville,45.8834,-72.4824,10.4,61,84,9.22,CA,1611977826
264,hammond,41.5834,-87.5,30.2,74,1,6.91,US,1611977747
265,burnie,-41.0667,145.9167,68.34,59,66,13.51,AU,1611977549
266,xining,36.6167,101.7667,22.35,65,99,3.47,CN,1611977827
267,erenhot,43.6475,111.9767,20.86,90,9,18.86,CN,1611977827
268,sao joao da barra,-21.6403,-41.0511,77.29,81,22,20.74,BR,1611977582
269,hami,42.8,93.45,28.53,78,0,1.12,CN,1611977828
270,kahului,20.8947,-156.47,75.2,69,40,19.57,US,1611977828
271,ambilobe,-13.2,49.05,76.17,89,81,2.21,MG,1611977828
272,arroyo,41.6096,-4.7969,52.0,93,75,19.57,ES,1611977828
273,quatre cocos,-20.2078,57.7625,82.99,89,40,8.05,MU,1611977622
274,zhigansk,66.7697,123.3711,-41.58,80,100,1.99,RU,1611977828
275,shirokiy,49.758,129.523,-15.39,84,18,6.62,RU,1611977829
276,adrar,20.5022,-10.0711,61.43,28,0,10.38,MR,1611977829
277,kaka,37.3482,59.6143,48.31,49,10,1.72,TM,1611977829
278,lata,40.1629,-8.3327,57.99,94,86,3.0,PT,1611977829
279,la ronge,55.1001,-105.2842,8.6,85,75,3.44,CA,1611977829
280,goiatuba,-18.0125,-49.3547,70.39,79,100,3.24,BR,1611977830
281,apucarana,-23.5508,-51.4608,75.2,100,75,5.75,BR,1611977830
282,ullapool,57.8987,-5.1604,33.01,92,83,1.99,GB,1611977830
283,viedma,-40.8135,-62.9967,57.0,72,0,7.67,AR,1611977830
284,yarmouth,41.7057,-70.2286,24.8,58,90,19.57,US,1611977830
285,kyzyl-suu,42.3414,78.0056,24.06,77,0,6.55,KG,1611977831
286,charleston,32.7766,-79.9309,39.0,86,1,6.29,US,1611977611
287,lompoc,34.6391,-120.4579,44.6,100,1,2.24,US,1611977567
288,ulaangom,49.9811,92.0667,0.64,88,62,1.97,MN,1611977831
289,pokaran,26.9167,71.9167,64.22,23,0,6.06,IN,1611977831
290,coihaique,-45.5752,-72.0662,44.6,81,0,2.3,CL,1611977831
291,moundou,8.5667,16.0833,67.3,23,0,4.65,TD,1611977831
292,ishigaki,24.3448,124.1572,66.2,48,75,11.5,JP,1611977832
293,chapais,49.7834,-74.8492,-0.4,78,90,10.36,CA,1611977560
294,palana,59.1167,159.9667,-3.66,92,44,11.32,RU,1611977832
295,winton,37.3894,-120.6133,48.2,100,1,3.53,US,1611977832
296,luau,-10.7073,22.2247,64.69,98,100,2.19,AO,1611977832
297,armizonskoye,55.9461,67.6736,11.05,94,61,9.04,RU,1611977832
298,los zacatones,22.95,-102.05,54.12,55,73,10.33,MX,1611977832
299,carauari,-4.8828,-66.8958,73.76,96,100,2.33,BR,1611977632
300,gazli,40.1333,63.45,47.08,47,100,13.33,UZ,1611977833
301,lollar,50.6465,8.705,44.01,89,97,8.66,DE,1611977833
302,nanortalik,60.1432,-45.2371,31.86,92,97,8.52,GL,1611977584
303,anna paulowna,52.862,4.834,36.0,80,74,12.66,NL,1611977833
304,pavilosta,56.8879,21.1859,32.0,93,75,4.61,LV,1611977834
305,seoul,37.5683,126.9778,37.4,56,20,2.3,KR,1611977581
306,pangnirtung,66.1451,-65.7125,-5.8,65,1,2.3,CA,1611977834
307,fairbanks,64.8378,-147.7164,1.0,77,1,2.39,US,1611977638
308,kailua,21.4022,-157.7394,78.8,69,40,14.97,US,1611977834
309,vanavara,60.34,102.2797,-35.45,79,54,9.19,RU,1611977834
310,petropavlovsk-kamchatskiy,53.0452,158.6483,24.8,50,20,17.9,RU,1611977835
311,sire,12.9299,5.2043,64.69,26,18,12.71,NG,1611977835
312,tanout,14.9709,8.8879,57.83,32,20,13.82,NE,1611977835
313,bom jesus,-9.0744,-44.3586,72.57,75,27,1.48,BR,1611977835
314,dhanera,24.5167,72.0167,67.75,23,0,3.74,IN,1611977835
315,asau,46.4333,26.4,41.0,58,100,5.53,RO,1611977835
316,ormara,25.2088,64.6357,67.24,40,0,2.64,PK,1611977719
317,sekoma,-24.4,23.8833,69.42,83,62,5.3,BW,1611977836
318,jinka,5.65,36.65,64.08,51,67,3.11,ET,1611977836
319,radviliskis,55.8167,23.5333,26.6,93,90,11.5,LT,1611977836
320,mangan,27.5167,88.5333,61.36,27,0,3.4,IN,1611977836
321,shiraz,29.6036,52.5388,44.6,61,40,1.99,IR,1611977836
322,ahuimanu,21.4447,-157.8378,78.8,69,40,14.97,US,1611977837
323,port keats,-14.25,129.55,80.83,84,100,7.81,AU,1611977837
324,westerland,54.9079,8.3033,26.6,80,86,11.5,DE,1611977837
325,the valley,18.217,-63.0578,77.0,83,40,5.75,AI,1611977837
326,linxia,35.6003,103.2064,28.8,73,100,3.24,CN,1611977837
327,emba,48.8264,58.1442,17.33,95,99,7.7,KZ,1611977837
328,valparaiso,-33.0393,-71.6273,64.99,80,100,7.94,CL,1611977838
329,richards bay,-28.783,32.0377,71.89,89,66,1.97,ZA,1611977601
330,cidreira,-30.1811,-50.2056,74.82,90,49,4.56,BR,1611977838
331,hamilton,39.1834,-84.5333,26.6,63,75,5.75,US,1611977838
332,vila velha,-20.3297,-40.2925,78.8,78,75,6.91,BR,1611977838
333,saint-pierre,-21.3393,55.4781,81.0,57,0,5.75,RE,1611977838
334,muzhi,65.3667,64.6667,-32.46,82,100,4.38,RU,1611977838
335,kogon,39.7228,64.5517,37.4,60,0,4.61,UZ,1611977839
336,uray,60.1247,64.7758,-11.07,89,100,12.26,RU,1611977839
337,la spezia,44.1105,9.8434,48.99,90,42,5.57,IT,1611977839
338,jiayuguan,39.8167,98.3,26.69,64,0,1.28,CN,1611977839
339,brandon,27.9378,-82.2859,55.99,66,1,6.38,US,1611977839
340,gazojak,41.1875,61.4036,44.51,53,100,12.91,TM,1611977839
341,goderich,43.7501,-81.7165,26.6,63,100,12.66,CA,1611977840
342,kulhudhuffushi,6.6221,73.07,80.6,70,8,9.84,MV,1611977840
343,harnai,30.1005,67.9374,56.26,29,73,1.59,PK,1611977840
344,nsanje,-16.92,35.262,74.86,94,96,2.62,MW,1611977840
345,abong mbang,3.9833,13.1833,66.58,80,83,2.71,CM,1611977840
346,bengkulu,-3.8004,102.2655,86.88,58,95,3.94,ID,1611977841
347,honiara,-9.4333,159.95,83.61,78,74,7.9,SB,1611977841
348,roald,62.5833,6.1333,35.6,75,90,8.05,NO,1611977841
349,bosaso,11.2842,49.1816,71.85,73,3,2.77,SO,1611977841
350,alugan,12.2188,125.4808,78.57,82,100,22.19,PH,1611977841
351,broome,42.2506,-75.833,9.0,78,90,3.44,US,1611977842
352,abeche,13.8292,20.8324,66.56,25,2,16.73,TD,1611977842
353,shemgang,27.2169,90.6579,49.53,46,0,4.61,BT,1611977842
354,medea,36.2642,2.7539,50.0,93,0,3.44,DZ,1611977842
355,swan hill,-35.3378,143.5544,82.44,33,0,9.48,AU,1611977842
356,paita,-5.0892,-81.1144,75.25,72,38,11.03,PE,1611977842
357,villazon,-22.0866,-65.5942,50.86,69,20,8.97,BO,1611977843
358,qaanaaq,77.484,-69.3632,-13.32,63,0,5.21,GL,1611977578
359,lasa,46.6166,10.7002,32.0,94,39,5.93,IT,1611977843
360,selje,62.0459,5.351,34.0,91,73,14.61,NO,1611977843
361,zheleznodorozhnyy,55.7503,38.0042,26.6,80,75,6.71,RU,1611977843
362,inuvik,68.3499,-133.7218,-27.4,68,78,1.88,CA,1611977843
363,chaoyang,41.5703,120.4586,17.26,70,0,5.97,CN,1611977844
364,nyurba,63.2842,118.3319,-40.88,78,100,2.66,RU,1611977844
365,matara,5.9485,80.5353,82.76,70,3,1.66,LK,1611977844
366,tabory,58.5198,64.5495,9.45,95,100,9.62,RU,1611977844
367,brae,60.3964,-1.353,32.0,80,75,8.05,GB,1611977627
368,norsup,-16.0667,167.3833,82.51,77,58,14.65,VU,1611977844
369,encruzilhada do sul,-30.5439,-52.5219,68.27,95,64,1.95,BR,1611977844
370,matay,28.419,30.7792,39.49,75,0,1.74,EG,1611977845
371,kungurtug,50.5994,97.5228,19.83,90,100,13.85,RU,1611977845
372,sola,-13.8833,167.55,87.8,79,90,5.75,VU,1611977845
373,apatity,67.5641,33.4031,12.0,85,100,3.51,RU,1611977845
374,koumac,-20.5667,164.2833,79.63,78,69,8.01,NC,1611977845
375,pevek,69.7008,170.3133,-30.08,85,21,3.65,RU,1611977846
376,komsomolskiy,40.4272,71.7189,28.4,54,56,11.5,UZ,1611977846
377,bela vista,-22.1089,-56.5211,74.26,87,98,7.72,BR,1611977846
378,gumdag,39.2061,54.5906,47.62,52,99,15.12,TM,1611977846
379,fuerte olimpo,-21.0415,-57.8738,76.64,79,87,6.8,PY,1611977846
380,inhambane,-23.865,35.3833,71.6,100,75,3.67,MZ,1611977626
381,sisimiut,66.9395,-53.6735,7.61,87,2,9.93,GL,1611977620
382,alofi,-19.0595,-169.9187,80.6,89,100,8.05,NU,1611977847
383,umm kaddadah,13.6017,26.6876,58.64,32,0,17.74,SD,1611977594
384,kangalassy,62.3464,129.9628,-49.0,59,99,2.24,RU,1611977848
385,nordfjordeid,61.9063,5.9915,34.0,79,100,5.91,NO,1611977848
386,lipova,46.0833,21.7,39.2,100,98,5.75,RO,1611977848
387,nishihara,26.1842,127.7558,66.2,31,40,10.36,JP,1611977848
388,mezen,65.8522,44.24,9.9,95,100,10.04,RU,1611977848
389,kawerau,-38.1,176.7,72.0,52,55,8.01,NZ,1611977848
390,los pozos,8.4518,-62.7268,77.0,82,14,5.01,VE,1611977849
391,walvis bay,-22.9575,14.5053,66.99,82,12,8.05,NA,1611977589
392,bandarbeyla,9.4942,50.8122,73.38,73,27,11.81,SO,1611977849
393,vidim,56.4088,103.1106,-19.01,86,100,6.42,RU,1611977849
394,hue,16.4667,107.6,71.6,78,40,3.44,VN,1611977849
395,praia da vitoria,38.7333,-27.0667,59.0,82,20,17.52,PT,1611977849
396,manicore,-5.8092,-61.3003,75.2,100,75,1.14,BR,1611977849
397,trairi,-3.2778,-39.2689,79.03,80,93,9.91,BR,1611977850
398,saint-francois,46.4154,3.9054,46.4,76,0,8.05,FR,1611977850
399,marawi,7.9986,124.2928,80.01,80,75,3.0,PH,1611977592
400,iquitos,-3.7481,-73.2472,78.8,89,75,6.91,PE,1611977661
401,qasigiannguit,68.8193,-51.1922,-0.4,55,0,8.05,GL,1611977850
402,dolinsk,47.35,142.8,19.4,86,75,15.66,RU,1611977850
403,constitucion,-35.3333,-72.4167,60.51,94,100,9.69,CL,1611977851
404,baykit,61.67,96.37,-34.87,76,97,4.23,RU,1611977851
405,kudahuvadhoo,2.6708,72.8944,80.8,79,0,14.56,MV,1611977646
406,jiangmen,22.5833,113.0833,72.0,67,0,1.01,CN,1611977851
407,hasaki,35.7333,140.8333,45.0,22,20,24.16,JP,1611977851
408,kpandae,8.4689,-0.0113,77.76,71,0,0.81,GH,1611977851
409,shingu,33.7333,135.9833,44.6,49,40,17.27,JP,1611977851
410,kloulklubed,7.0419,134.2556,86.0,62,75,13.8,PW,1611977852
411,aurad,18.25,77.4333,76.59,48,29,1.68,IN,1611977852
412,deputatskiy,69.3,139.9,-29.0,87,100,2.3,RU,1611977852
413,karatau,43.1667,70.4667,29.07,77,96,4.45,KZ,1611977852
414,ancud,-41.8697,-73.8203,52.0,71,0,16.11,CL,1611977852
415,san policarpo,12.1791,125.5072,78.91,81,100,23.24,PH,1611977852
416,tutoia,-2.7619,-42.2744,79.7,83,79,12.12,BR,1611977852
417,saint anthony,45.0205,-93.218,25.0,58,90,10.36,US,1611977853
418,cayenne,4.9333,-52.3333,77.0,100,75,8.05,GF,1611977853
419,norman wells,65.282,-126.8329,-34.6,74,40,2.3,CA,1611977851
420,leshukonskoye,64.8989,45.7622,14.79,96,100,9.44,RU,1611977853
421,aloleng,16.1307,119.7824,80.83,58,2,11.43,PH,1611977853
422,varca,15.2167,73.9167,73.4,73,20,4.61,IN,1611977854
423,yeniseysk,58.4497,92.1703,-25.04,82,84,4.92,RU,1611977854
424,ahlat,38.7518,42.4814,24.76,92,100,6.76,TR,1611977854
425,nerchinskiy zavod,51.3088,119.61,-22.94,83,4,2.51,RU,1611977854
426,sakakah,29.9697,40.2064,41.0,70,0,6.91,SA,1611977854
427,kirakira,-10.4544,161.9205,83.39,78,100,9.04,SB,1611977854
428,prabumulih,-3.45,104.25,82.31,74,100,6.2,ID,1611977855
429,wewak,-3.5534,143.6268,85.46,69,100,10.2,PG,1611977855
430,tessalit,20.1986,1.0114,59.41,29,0,11.41,ML,1611977633
431,iskateley,67.6803,53.1512,-7.35,86,100,16.4,RU,1611977855
432,tete,-16.1564,33.5867,75.2,100,75,3.44,MZ,1611977855
433,college,64.8569,-147.8028,1.0,70,40,2.75,US,1611977566
434,luderitz,-26.6481,15.1594,64.8,55,0,21.34,NA,1611977855
435,liuhe,42.2401,125.7172,9.16,83,22,8.03,CN,1611977856
436,palu,-0.8917,119.8707,90.21,47,49,4.09,ID,1611977856
437,vardo,70.3705,31.1107,26.26,97,100,21.74,NO,1611977856
438,karaton,-6.3424,106.1045,82.99,83,75,17.27,ID,1611977856
439,conakry,9.538,-13.6773,77.09,77,0,6.02,GN,1611977856
440,jerome,42.7241,-114.5186,33.8,93,90,14.97,US,1611977856
441,berlevag,70.8578,29.0864,24.93,95,100,16.89,NO,1611977856
442,codrington,-38.2667,141.9667,62.94,71,100,13.2,AU,1611977857
443,tura,25.5198,90.2201,68.65,36,0,3.44,IN,1611977857
444,rajanpur,29.1035,70.325,61.56,26,5,3.78,PK,1611977857
445,baglung,28.2719,83.5898,59.88,30,0,3.42,NP,1611977643
446,ust-kut,56.7938,105.7672,-22.81,82,98,3.49,RU,1611977857
447,rondonopolis,-16.4708,-54.6356,73.51,74,99,2.33,BR,1611977636
448,ternate,0.8,127.4,83.55,71,37,9.37,ID,1611977858
449,meulaboh,4.1363,96.1285,84.79,63,88,2.82,ID,1611977858
450,khatanga,71.9667,102.5,-43.19,75,1,3.13,RU,1611977858
451,cotonou,6.3654,2.4183,78.8,89,20,3.44,BJ,1611977858
452,aykhal,66.0,111.5,-35.21,81,100,8.21,RU,1611977858
453,troitsko-pechorsk,62.7084,56.1964,-7.56,89,100,11.05,RU,1611977858
454,raymondville,26.4815,-97.7831,64.4,82,1,6.91,US,1611977858
455,alyangula,-13.8483,136.4192,89.6,66,31,8.05,AU,1611977859
456,hede,33.7681,120.2517,51.55,46,0,6.96,CN,1611977859
457,erzin,36.9559,36.2,39.0,85,0,13.0,TR,1611977859
458,zhaoqing,23.0512,112.4597,66.99,99,0,5.93,CN,1611977859
459,nanyuki,0.0167,37.0728,51.46,66,33,3.87,KE,1611977859
460,pontes e lacerda,-15.2261,-59.3353,72.37,87,99,2.37,BR,1611977859
461,dingolfing,48.6333,12.5,42.01,87,91,8.01,DE,1611977859
462,porbandar,21.6422,69.6093,55.4,54,28,6.91,IN,1611977620
463,mykolayiv,46.9659,31.9974,32.0,93,75,6.71,UA,1611977860
464,rudbar,30.15,62.6,56.88,29,29,0.36,AF,1611977860
465,laguna,38.421,-121.4238,46.99,87,1,4.61,US,1611977860
466,butterworth,5.3991,100.3638,86.0,61,20,8.05,MY,1611977860
467,isangel,-19.55,169.2667,87.8,62,40,11.5,VU,1611977861
468,henties bay,-22.116,14.2845,66.99,82,41,3.96,NA,1611977605
469,lanzhou,36.0564,103.7922,26.6,36,0,2.24,CN,1611977861
470,terrace,54.5163,-128.6035,19.4,73,90,23.02,CA,1611977861
471,blythe,33.6103,-114.5964,57.2,44,1,8.05,US,1611977861
472,douentza,14.9951,-2.9517,61.56,29,28,3.89,ML,1611977861
473,atambua,-9.1061,124.8925,77.9,85,100,10.31,ID,1611977862
474,muros,42.7762,-9.0603,57.99,77,6,18.01,ES,1611977862
475,worland,44.0169,-107.9554,39.2,48,90,6.91,US,1611977862
476,puerto baquerizo moreno,-0.9,-89.6,77.58,83,60,8.84,EC,1611977862
477,fort-shevchenko,44.5086,50.263,33.24,90,65,9.62,KZ,1611977862
478,taos,36.4072,-105.5731,33.8,51,20,4.61,US,1611977862
479,nizhniy tsasuchey,50.5167,115.1333,-12.48,85,99,7.74,RU,1611977863
480,waddan,29.1614,16.139,53.33,51,0,5.01,LY,1611977863
481,harper,4.375,-7.7169,78.3,86,17,6.76,LR,1611977863
482,beringovskiy,63.05,179.3167,-18.54,83,0,10.07,RU,1611977863
483,qandala,11.472,49.8728,71.49,72,18,2.71,SO,1611977863
484,mettlach,49.4935,6.5969,44.01,93,75,16.11,DE,1611977864
485,bantry,51.6833,-9.45,42.8,100,75,28.77,IE,1611977864
486,drayton valley,53.2168,-114.9854,3.99,80,0,2.08,CA,1611977864
487,shache,38.4167,77.2406,28.67,77,0,2.06,CN,1611977864
488,bollnas,61.3482,16.3946,2.39,89,41,4.27,SE,1611977864
489,chimbote,-9.0853,-78.5783,70.32,79,98,6.24,PE,1611977865
490,salvador,13.8333,-88.9167,84.2,42,0,10.36,SV,1611977640
491,cabo san lucas,22.8909,-109.9124,68.0,82,1,4.61,MX,1611977789
492,ende,-8.8432,121.6623,81.43,77,99,5.66,ID,1611977865
493,durban,-29.8579,31.0292,75.99,94,90,3.44,ZA,1611977770
494,iqaluit,63.7506,-68.5145,-13.0,70,1,27.63,CA,1611977865
495,thinadhoo,0.5333,72.9333,82.0,75,94,13.0,MV,1611977866
496,jijiga,9.35,42.8,57.79,50,28,2.62,ET,1611977866
497,san antonio,29.4241,-98.4936,63.0,72,90,12.66,US,1611977649
498,fundacion,10.5207,-74.185,75.0,82,67,3.87,CO,1611977866
499,tyumentsevo,53.3224,81.498,15.22,97,100,6.02,RU,1611977866
500,grafton,42.207,-71.6856,12.99,61,1,18.41,US,1611977843
501,katherine,-14.4667,132.2667,86.0,66,90,12.66,AU,1611977867
502,ushibuka,32.1906,130.0228,46.72,55,0,7.9,JP,1611977867
503,marienburg,54.0359,19.0266,27.0,95,100,1.01,PL,1611977637
504,mocuba,-16.8392,36.9856,74.3,98,99,1.28,MZ,1611977867
505,sarangani,5.4033,125.4636,82.02,75,100,20.78,PH,1611977867
506,beidao,34.5686,105.8933,41.47,48,95,2.26,CN,1611977867
507,pombal,-6.7703,-37.8017,78.85,67,100,10.87,BR,1611977867
508,dali,25.7,100.1833,56.88,37,0,6.46,CN,1611977868
509,itoman,26.1247,127.6694,66.2,45,20,6.91,JP,1611977868
510,carlyle,38.6103,-89.3726,33.01,75,100,10.63,US,1611977868
511,husavik,66.0449,-17.3389,26.6,86,90,17.27,IS,1611977868
512,ixtapa,20.7,-105.2,73.0,94,40,2.3,MX,1611977755
513,curico,-34.9833,-71.2333,64.0,100,20,10.36,CL,1611977868
514,slave lake,55.2834,-114.769,1.4,78,1,5.75,CA,1611977869
515,am timan,11.0297,20.2827,67.23,24,0,7.72,TD,1611977869
516,pangai,-19.8,-174.35,82.4,83,90,5.75,TO,1611977869
517,mayumba,-3.432,10.6554,78.28,89,100,7.02,GA,1611977869
518,northam,51.0333,-4.2167,48.99,94,100,7.0,GB,1611977869
519,djibo,14.1022,-1.6306,67.44,23,49,9.95,BF,1611977869
520,jiblah,13.9216,44.1467,55.51,67,0,2.51,YE,1611977870
521,itarema,-2.9248,-39.9167,79.0,83,84,12.15,BR,1611977870
522,mountain home,43.133,-115.6912,35.6,87,90,11.16,US,1611977681
523,amahai,-3.3333,128.9167,87.33,59,95,3.49,ID,1611977870
524,shenjiamen,29.9576,122.298,48.56,67,0,12.03,CN,1611977870
525,mahabad,36.7631,45.7222,33.1,90,6,15.79,IR,1611977870
526,hambantota,6.1241,81.1185,80.6,89,20,9.22,LK,1611977871
527,malyn,50.7723,29.2383,17.6,93,49,4.47,UA,1611977871
528,port augusta,-32.5,137.7667,82.99,53,30,17.27,AU,1611977871
529,agadez,19.75,10.25,52.56,37,0,8.66,NE,1611977619
530,zastron,-30.3023,27.084,60.35,65,0,3.42,ZA,1611977871
531,langarud,37.197,50.1535,50.0,100,90,2.15,IR,1611977871
532,mareeba,-17.0,145.4333,89.01,62,77,17.27,AU,1611977872
533,banjar,-8.19,114.9675,84.2,79,20,11.5,ID,1611977872
534,portobelo,9.55,-79.65,79.0,76,99,15.01,PA,1611977872
535,rudarpur,26.4394,83.6144,56.32,48,0,7.65,IN,1611977872
536,tairua,-37.0167,175.85,71.01,53,16,7.0,NZ,1611977872
537,kurud,20.8322,81.7214,70.57,24,4,6.78,IN,1611977872
538,buchanan,5.8808,-10.0467,77.0,94,75,5.14,LR,1611977873
539,carinhanha,-14.3047,-43.765,72.81,58,49,2.91,BR,1611977873
540,fare,-16.7,-151.0167,81.12,66,85,3.91,PF,1611977873
541,rabo de peixe,37.8,-25.5833,59.0,94,20,8.05,PT,1611977873
542,yanji,42.9075,129.5078,17.96,78,81,14.45,CN,1611977873
543,ngunguru,-35.6167,174.5,70.0,59,19,11.01,NZ,1611977873
544,andradas,-22.0681,-46.5692,66.31,77,73,3.85,BR,1611977873
545,aksu,41.1231,80.2644,28.27,73,0,1.95,CN,1611977874
546,bafoulabe,13.8065,-10.8321,68.99,17,0,2.24,ML,1611977874
547,talavera,15.6167,120.9333,82.4,51,75,11.5,PH,1611977874
548,stornoway,58.2093,-6.3865,37.4,75,82,9.22,GB,1611977874
549,liverpool,53.4106,-2.9779,41.0,81,90,20.71,GB,1611977577
550,saurimo,-9.6608,20.3916,63.66,95,88,1.95,AO,1611977875
551,bubaque,11.2833,-15.8333,78.24,65,0,9.66,GW,1611977875
552,mayna,54.1135,47.6231,23.36,97,61,14.14,RU,1611977875
553,campbell river,50.0163,-125.2446,42.01,100,90,13.8,CA,1611977773
554,caravelas,-17.7125,-39.2481,75.02,89,4,5.99,BR,1611977875
555,qaqortoq,60.7167,-46.0333,42.8,33,75,26.46,GL,1611977875
556,lisala,2.15,21.5167,70.68,91,88,1.3,CD,1611977876
557,kingori,-3.2833,36.9833,66.2,77,20,8.05,TZ,1611977876
558,sapa,5.1544,120.3241,82.15,76,79,8.03,PH,1611977876
559,hualmay,-11.0964,-77.6139,70.59,79,85,5.86,PE,1611977876
560,murray bridge,-35.1167,139.2667,72.0,67,56,14.18,AU,1611977876
561,carnarvon,-24.8667,113.6333,105.8,21,0,18.41,AU,1611977875
562,mount isa,-20.7333,139.5,100.4,22,80,10.36,AU,1611977877
563,dingle,10.9995,122.6711,77.18,85,100,17.18,PH,1611977602
564,presidencia roque saenz pena,-26.7852,-60.4388,79.0,81,1,3.0,AR,1611977877
565,tagusao,9.1924,117.8141,81.45,71,58,12.39,PH,1611977877
566,kirksville,40.1948,-92.5833,35.01,75,1,11.5,US,1611977877
567,myshkin,57.7897,38.4545,23.58,97,99,9.82,RU,1611977877
568,port hawkesbury,45.6169,-61.3485,27.0,74,40,11.5,CA,1611977620
569,gigmoto,13.7796,124.39,77.2,73,100,21.3,PH,1611977878
570,acajutla,13.5928,-89.8275,79.41,50,63,10.45,SV,1611977719
571,intipuca,13.1969,-88.0544,77.54,51,2,7.29,SV,1611977878
572,voskresenskoye,56.8381,45.4317,19.44,97,78,7.94,RU,1611977878
573,boende,-0.2167,20.8667,70.14,93,75,1.39,CD,1611977878
574,haapsalu,58.9431,23.5414,24.01,90,100,14.0,EE,1611977878
575,conway,35.0887,-92.4421,46.4,71,90,6.91,US,1611977810
576,mnogovershinnyy,53.9353,139.9242,-5.4,92,100,5.12,RU,1611977879
577,molina,-35.1167,-71.2833,64.0,100,20,10.36,CL,1611977879
578,svetlyy yar,48.4748,44.781,32.0,93,0,13.42,RU,1611977630
579,santa maria,-29.6842,-53.8069,75.2,83,0,4.61,BR,1611977879
580,rocha,-34.4833,-54.3333,65.46,81,3,4.83,UY,1611977879
581,malinovoye ozero,51.6753,79.7825,14.67,94,54,4.85,RU,1611977879
